0x00e19cf8;え
0x00e19d14;進む
0x00e19d38;<Sign:D>進む
0x00e19d50;<Sign:C>戻る
0x00e19d68;<Sign:D>決定 <Sign:C>戻る
0x00e19d90;円
0x00e19da0;文
0x00e19db0;両
0x00e19dc0;万
0x00e19dd0;億
0x00e19ddc;点
0x00e19dec;枚
0x00e19dfc;個
0x00e19e0c;Ｐ
0x00e19e1c;発
0x00e19e2c;Pt
0x00e19e3c;所持金
0x00e19e4c;チップ
0x00e19e5c;おひねり
0x00e19e74;持ち点
0x00e19e84;闘玉
0x00e19e94;資金
0x00e19ea4;道場資金
0x00e19ebc;所持Ｐ
0x00e19ecc;メダル
0x00e19edc;持ち玉
0x00e19eec;獲得Ｐ
0x00e19efc;タクシーPt
0x00e19f14;%2d 点
0x00e19f24;位
0x00e19f30;福引き券
0x00e19f48;祗園
0x00e19f50;洛内
0x00e19f58;洛外
0x00e19f60;骸街
0x00e19f68;伏見
0x00e19f70;土佐
0x00e19f94;ト
0x00e19fa0;徳
0x00e19fb0;種類
0x00e19fc0;回
0x00e19fd0;斎藤
0x00e19fe0;龍馬
0x00e19ff0;遥
0x00e19ffc;斎藤一
0x00e1a00c;坂本龍馬
0x00e1a024;澤村遥
0x00e1a034;さいとう
0x00e1a058;か
0x00e1a060;サイトウ
0x00e1a084;カ
0x00e1a0b0;りく
0x00e1a0c0;かぐや
0x00e1a0d0;ほのか
0x00e1a0e0;詩音
0x00e1a0f0;桜咲ひなた
0x00e1a108;ひなた
0x00e1a118;杏南
0x00e1a128;いぬ
0x00e1a130;ねこ
0x00e1a138;マメ
0x00e1a140;ホエ太
0x00e1a148;ナオタロウ
0x00e1a158;だいきち
0x00e1a168;まぐろ
0x00e1a170;おちょこ
0x00e1a1a4;使える物は持っていない。
0x00e1a1cc;何を使おうか。
0x00e1a1e4;本当に使っていいですか？
0x00e1a20c;賭け点
0x00e1a214;配当点
0x00e1a22c;入金
0x00e1a240;よろしく
0x00e1a250;お手柔らかに
0x00e1a260;勝ちにいくぜ！
0x00e1a270;いきなりワンペア！
0x00e1a288;また会ったな
0x00e1a298;はじめまして
0x00e1a2a8;いい札が来ますように…
0x00e1a2c0;こ、これは…！？
0x00e1a2d8;これで勝ち確定だな
0x00e1a2f0;勝てる気がしない…
0x00e1a308;みんな降りた方がいいぞ
0x00e1a320;運が悪いなぁ…
0x00e1a330;来い来い！
0x00e1a340;慎重にいこう…
0x00e1a350;運がいいぞ！
0x00e1a360;パッとしないぜ
0x00e1a370;取りあえず様子見だな
0x00e1a388;早く決めてくれないか
0x00e1a3a0;ハッタリかますぜ！
0x00e1a3b8;早めに退散！
0x00e1a3c8;ちょっと悩み中…
0x00e1a3e0;逃げるが勝ちだな
0x00e1a3f8;キタ〜ッ！
0x00e1a408;いいね！
0x00e1a418;クソッ！
0x00e1a428;やった〜！
0x00e1a438;残念無念…
0x00e1a448;うえ〜ん
0x00e1a458;シクシク…（涙）
0x00e1a470;驚き桃の木山椒の木
0x00e1a488;しんどいわ！
0x00e1a498;あきまへんがな！
0x00e1a4b0;えらいこっちゃで！
0x00e1a4c8;もう降りようかな…
0x00e1a4e0;役ができた！
0x00e1a4f0;役はできたけど弱い…
0x00e1a508;強い役ができた！
0x00e1a520;全然そろわない…
0x00e1a538;アゲアゲ〜
0x00e1a548;選択を間違えた…
0x00e1a64c;。
0x00e1a660;。
0x00e1a670;？
0x00e1a67c;ル
0x00e1a684;ル
0x00e1a6a0;い
0x00e1a6b4;。
0x00e1a6bc;ド
0x00e1a710;回
0x00e1a7a8;…
0x00e1a7d0;き
0x00e1a80c;時
0x00e1a814;時
0x00e1a828;キングカズノコ
0x00e1a838;むっさん
0x00e1a848;あきなこ
0x00e1a858;でやでや
0x00e1a868;サクソン大佐
0x00e1a878;マシンガン下衆
0x00e1a888;マツコフ＠岐阜
0x00e1a898;でやママ
0x00e1a8a8;バーシー
0x00e1a8b8;南
0x00e1a8c4;意地桜
0x00e1a8cc;はらぺこ日和
0x00e1a8dc;阿修羅小町
0x00e1a8ec;さむらい音頭
0x00e1a8fc;故郷に錦を飾るべし
0x00e1a930;し
0x00e1a938;盛り上げ神
0x00e1a948;当店の看板男
0x00e1a958;空気を変える男
0x00e1a968;水差し野郎
0x00e1a978;音痴
0x00e1a980;未挑戦
0x00e1a9a4;無難に合いの手
0x00e1a9b4;情熱的に合いの手
0x00e1a9cc;歌う
0x00e1a9ec;T!
0x00e1aa0c;る
0x00e1aa34;j
0x00e1aa3c;？
0x00e1aa44;I
0x00e1aa5c;？？？？？
0x00e1aa78;キ
0x00e1aa7c;マグロ
0x00e1aa84;イカ
0x00e1aa8c;カレイ
0x00e1aa98;オニカサゴ
0x00e1aab0;ビ
0x00e1aab4;アナゴ
0x00e1aacc;ホオジロザメ
0x00e1aadc;ウ
0x00e1aae0;イ
0x00e1aae8;タカアシガニ
0x00e1aaf8;マダコ
0x00e1ab00;傘
0x00e1ab08;ハリセンボン
0x00e1ab1c;フナ
0x00e1ab24;コイ
0x00e1ab2c;ニシキゴイ
0x00e1ab3c;魚
0x00e1ab40;ズ
0x00e1ab48;ニジマス
0x00e1ab58;ケ
0x00e1ab9c;問
0x00e1aba4;問
0x00e1abdc;篠
0x00e1abe8;コ
0x00e1abf0;…
0x00e1abf4;…
0x00e1abfc;。
0x00e1ac14;。
0x00e1ac18;。
0x00e1ac20;。
0x00e1ac24;。
0x00e1ac2c;。
0x00e1ac34;。
0x00e1ac40;。
0x00e1ac44;。
0x00e1ac48;。
0x00e1ac50;。
0x00e1ac54;。
0x00e1ac58;。
0x00e1ac64;。
0x00e1ac6c;。
0x00e1ac74;。
0x00e1ac78;。
0x00e1ac80;ス
0x00e1aca0;い
0x00e1acf4;終了
0x00e1ad0c;ル
0x00e1ad10;ツ
0x00e1ad18;初級
0x00e1ad20;中級
0x00e1ad28;上級
0x00e1ad30;で
0x00e1ad78;か
0x00e1ad7c;よ
0x00e1ada8;よ
0x00e1adb8;も
0x00e1adbc;ー
0x00e1adc8;ば
0x00e1add4;て
0x00e1add8;ね
0x00e1ade8;ん
0x00e1adec;も
0x00e1ae10;よ
0x00e1ae14;ー
0x00e1ae18;よ
0x00e1ae20;？
0x00e1ae2c;て
0x00e1ae34;ば
0x00e1ae3c;よ
0x00e1ae40;い
0x00e1ae4c;も
0x00e1ae54;ー
0x00e1ae6c;ば
0x00e1ae78;て
0x00e1ae7c;ね
0x00e1ae9c;ん
0x00e1aea4;ば
0x00e1aeac;ね
0x00e1aec4;よ
0x00e1aecc;ろ
0x00e1aed8;ん
0x00e1aee0;も
0x00e1aef0;？
0x00e1af00;店
0x00e1af04;店
0x00e1af0c;店
0x00e1af18;店
0x00e1af24;d
0x00e1af30;点
0x00e1af40;成
0x00e1af48;い
0x00e1af50;る
0x00e1af70;る
0x00e1af78;文字詰め
0x00e1af90;か
0x00e1af98;が
0x00e1afa0;で
0x00e1afa8;と
0x00e1afb0;な
0x00e1afb8;に
0x00e1afc0;の
0x00e1afc8;は
0x00e1afd0;へ
0x00e1afd8;も
0x00e1afe0;や
0x00e1afe8;を
0x00e1aff0;組
0x00e1aff8;風
0x00e1b000;流
0x00e1b048;ポーカー
0x00e1b058;異国
0x00e1b060;ブラフ
0x00e1b068;クラブ
0x00e1b070;ダイヤ
0x00e1b078;スペード
0x00e1b088;ハート
0x00e1b090;ノーペア
0x00e1b0a0;ワンペア
0x00e1b0b0;ツーペア
0x00e1b0c0;３カード
0x00e1b0d0;ストレート
0x00e1b0e0;フラッシュ
0x00e1b0f0;フルハウス
0x00e1b100;４カード
0x00e1b110;ロイヤル
0x00e1b164;ポーン
0x00e1b16c;ナイト
0x00e1b174;ビショップ
0x00e1b184;ルーク
0x00e1b18c;ジャック
0x00e1b19c;クイーン
0x00e1b1ac;キング
0x00e1b1b4;エース
0x00e1b1bc;ジョーカー
0x00e1b1cc;ポーカー王
0x00e1b208;麻雀
0x00e1b210;東
0x00e1b218;西
0x00e1b220;北
0x00e1b228;チー
0x00e1b230;ポン
0x00e1b238;カン
0x00e1b240;マンズ
0x00e1b248;ピンズ
0x00e1b250;ソウズ
0x00e1b258;三元牌
0x00e1b260;四風牌
0x00e1b268;リーチ
0x00e1b270;ツモ
0x00e1b278;ロン
0x00e1b2c4;強者
0x00e1b2cc;王者
0x00e1b2d4;覇者
0x00e1b2dc;帝王
0x00e1b2e4;覇王
0x00e1b2ec;雀狼
0x00e1b2f4;雀将
0x00e1b2fc;雀王
0x00e1b304;雀龍
0x00e1b30c;雀神
0x00e1b340;こいこい
0x00e1b350;花札
0x00e1b358;かす
0x00e1b360;たん
0x00e1b368;たね
0x00e1b370;花見酒
0x00e1b378;月見酒
0x00e1b380;青短
0x00e1b388;赤短
0x00e1b390;猪鹿蝶
0x00e1b398;三光
0x00e1b3a0;食付
0x00e1b3a8;手四
0x00e1b3b0;雨四光
0x00e1b3b8;四光
0x00e1b3c0;五光
0x00e1b40c;序の口
0x00e1b414;序二段
0x00e1b41c;三段目
0x00e1b424;幕下
0x00e1b42c;十両
0x00e1b434;前頭
0x00e1b43c;小結
0x00e1b444;関脇
0x00e1b44c;大関
0x00e1b454;横綱
0x00e1b488;株札
0x00e1b490;ゴケ勝負
0x00e1b4a0;思案六ポウ
0x00e1b4b0;ブタ
0x00e1b4b8;ピン
0x00e1b4c0;ニソウ
0x00e1b4c8;サンタ
0x00e1b4d0;ヨツヤ
0x00e1b4d8;ゴケ
0x00e1b4e0;ロッポウ
0x00e1b4f0;ナキ
0x00e1b4f8;オイチョ
0x00e1b508;カブ
0x00e1b510;シッピン
0x00e1b520;クッピン
0x00e1b530;アラシ
0x00e1b57c;株芸人
0x00e1b584;株番人
0x00e1b58c;株達人
0x00e1b594;株鉄人
0x00e1b59c;株超人
0x00e1b5a4;株主
0x00e1b5ac;株将
0x00e1b5b4;株王
0x00e1b5bc;株龍
0x00e1b5c4;株神
0x00e1b5f8;将棋
0x00e1b600;先手
0x00e1b608;後手
0x00e1b610;居飛車
0x00e1b618;振り飛車
0x00e1b628;囲い
0x00e1b630;詰み
0x00e1b638;投了
0x00e1b640;王手
0x00e1b648;成り駒
0x00e1b650;と金
0x00e1b658;成香
0x00e1b660;成桂
0x00e1b668;成銀
0x00e1b670;竜馬
0x00e1b678;竜王
0x00e1b6c4;歩
0x00e1b6cc;香車
0x00e1b6d4;桂馬
0x00e1b6dc;銀将
0x00e1b6e4;金将
0x00e1b6ec;角行
0x00e1b6f4;飛車
0x00e1b6fc;玉将
0x00e1b704;王将
0x00e1b70c;将棋王
0x00e1b740;喜び
0x00e1b748;小さな
0x00e1b750;ねずみ
0x00e1b758;近所
0x00e1b760;貧乏
0x00e1b768;富豪
0x00e1b770;大富豪
0x00e1b778;怒り
0x00e1b780;大きな
0x00e1b788;牛
0x00e1b790;維新
0x00e1b798;哀れ
0x00e1b7a0;太った
0x00e1b7a8;虎
0x00e1b7b0;帰ってきた
0x00e1b7c0;楽しい
0x00e1b7c8;やせた
0x00e1b7d0;うさぎ
0x00e1b7d8;やさしい
0x00e1b7e8;派手
0x00e1b7f0;龍
0x00e1b7f8;悲しみ
0x00e1b800;地味
0x00e1b808;蛇
0x00e1b810;笑い
0x00e1b818;怪しい
0x00e1b820;馬
0x00e1b828;泣いた
0x00e1b830;おしゃれ
0x00e1b840;羊
0x00e1b848;驚き
0x00e1b850;さわやか
0x00e1b860;猿
0x00e1b868;愉快痛快
0x00e1b878;美しい
0x00e1b880;びっくり
0x00e1b890;鳥
0x00e1b898;幕末
0x00e1b8a0;泣き虫
0x00e1b8a8;新鮮
0x00e1b8b0;犬
0x00e1b8b8;血と汗と涙
0x00e1b8c8;怒りん坊
0x00e1b8d8;一発逆転
0x00e1b8e8;猪
0x00e1b8f0;百戦錬磨
0x00e1b900;暴れん坊
0x00e1b910;完全無欠
0x00e1b9e4;新人
0x00e1b9ec;男
0x00e1b9f4;女
0x00e1b9fc;猫
0x00e1ba04;小僧
0x00e1ba0c;田舎娘
0x00e1ba14;狸
0x00e1ba1c;たしなみ
0x00e1ba2c;看板娘
0x00e1ba34;狐
0x00e1ba3c;町人
0x00e1ba44;商人
0x00e1ba4c;鴉
0x00e1ba54;職人
0x00e1ba5c;坊主
0x00e1ba64;狼
0x00e1ba6c;浪人
0x00e1ba74;家来
0x00e1ba7c;鷹
0x00e1ba84;志士
0x00e1ba8c;武士
0x00e1ba94;美人
0x00e1ba9c;如く
0x00e1baa4;舞妓
0x00e1baac;河童
0x00e1bab4;芸者
0x00e1babc;花魁
0x00e1bac4;大入道
0x00e1bacc;姫
0x00e1bad4;鬼
0x00e1badc;忍者
0x00e1bae4;侍
0x00e1baec;殿様
0x00e1baf4;将軍
0x00e1bb88;十級
0x00e1bb90;九級
0x00e1bb98;八級
0x00e1bba0;七級
0x00e1bba8;六級
0x00e1bbb0;五級
0x00e1bbb8;四級
0x00e1bbc0;三級
0x00e1bbc8;二級
0x00e1bbd0;一級
0x00e1bbd8;初段
0x00e1bbe0;二段
0x00e1bbe8;三段
0x00e1bbf0;四段
0x00e1bbf8;五段
0x00e1bc00;六段
0x00e1bc08;七段
0x00e1bc10;八段
0x00e1bc18;九段
0x00e1bc20;最上段
0x00e1bc7c;対戦相手を募集中ですので、しばらくお待ちください。
0x00e1bcbc;対戦相手を見つける
0x00e1bcdc;このまま待ち続ける
0x00e1bcfc;ほかのゲームで遊ぶ
0x00e1bd28;次の対局を選ぶ
0x00e1bd40;次の相手を選ぶ
0x00e1bd60;通信エラーが発生しました。[n]メインメニュー画面へ戻ります。
0x00e1bdb0;ニックネームが入力されていません。[n]メインメニュー画面へ戻ります。
0x00e1be00;ニックネームが不適切です。[n]メインメニュー画面へ戻ります。
0x00e1be48;ホストから切断されました。[n]しばらくお待ち下さい。
0x00e1be88;ランキングの受信待ちです。[n]しばらくお待ち下さい。
0x00e1bec8;ランキングの受信に失敗しました。[n]賭け点選択画面へ戻ります。
0x00e1bf0c;る
0x00e1bf14;ニックネーム
0x00e1bf2c;サインインされなかったため[n]メインメニュー画面へ戻ります。
0x00e1bf74;サインアップされなかったため[n]メインメニュー画面へ戻ります。
0x00e1bfb8;「PSN」からサインアウトしました。[n]賭場ミニゲームで遊べません。[n]メインメニュー画面へ戻ります。
0x00e1c034;他のユーザーとの通信待ちです。[n]しばらくおまちください。
0x00e1c070;ルームの作成に失敗しました。[n]通信状況を確認して下さい。
0x00e1c0ac;ランキングの受信に失敗しました。[n]ランキング画面を閉じます。
0x00e1c0f0;他プレイヤーの手番を待っています。
0x00e1c124;柴犬
0x00e1c12c;黒柴
0x00e1c134;白柴
0x00e1c150;三毛
0x00e1c158;黒猫
0x00e1c160;白猫
0x00e1c17c;名前を付けて下さい
0x00e1c19c;交換しますか？
0x00e1c1b4;交換済み
0x00e1c1cc;渡せるものを何も持っていません
0x00e1c1f4;（徳が足りないようだな……）
0x00e1c21c;標準
0x00e1c224;金の舞
0x00e1c22c;新築風
0x00e1c234;愛し花
0x00e1c23c;内装D
0x00e1c244;内装E
0x00e1c268;今の台所だと作れない献立だね。[n]台所が拡張できるといいんだけど……
0x00e1c2b8;今はまだ作れない献立だね。台所を[n]「万能な台所」にまで拡張したり、誰かに料理の[n]作り方を教わったりできるといいんだけど……
0x00e1c340;材料が足りません。
0x00e1c360;－
0x00e1c36c;行き先を選んでください。左スティックの上下で選択できます。
0x00e1c3b4;第一章　土佐、脱藩
0x00e1c3cc;第二章　斎藤一という男
0x00e1c3e4;第三章　壬生狼
0x00e1c3f4;第四章　共闘
0x00e1c404;第五章　鉄の掟
0x00e1c414;第六章　池田屋事件
0x00e1c42c;第七章　二人の龍馬
0x00e1c444;第八章　狂犬吼える
0x00e1c45c;第九章　喧嘩の花道
0x00e1c474;第十章　正体
0x00e1c484;第十一章　大博打
0x00e1c49c;第十二章　京炎上
0x00e1c4b4;第十三章　龍馬暗殺
0x00e1c4cc;最終章　夜明け
0x00e1c4dc;完
0x00e1c520;%sを手に入れた
0x00e1c538;%sを失った
0x00e1c550;体力が回復した
0x00e1c568;た
0x00e1c570;経験値 : %s
0x00e1c59c;。
0x00e1c5bc;装備
0x00e1c5c8;持ち物がいっぱいです
0x00e1c5e8;幕末漫遊中
0x00e1c600;自由気ままに探索するか。[n]行きたい所に行き、やりたいことをしよう。
0x00e1c648;自由気ままに探索しよか。[n]行きたい所に行き、やりたいことをしよう。
0x00e1c690;自由気ままに探索しよっと。[n]行きたい所に行って、やりたいことをやろう。
0x00e1c6f0;●%s[n]　総プレイ時間 %d時間%02d分 /[n]　レベル %02d / 経験値 %d /[n]　所持金 %s / 賭け点 %d点[n]●バトルダンジョン[n]　解決任務 %d件 / 隊士カード %d枚[n]●アナザーライフ[n]　作物 %d種 / 魚 %d種 / 料理 %d品 / 納品 %d品
0x00e1c7c8;品
0x00e1c7d4;クリアデータ
0x00e1c7f8;売る
0x00e1c800;食べる
0x00e1c808;換える
0x00e1c810;拡大
0x00e1c818;縮小
0x00e1c820;使う
0x00e1c828;捨てる
0x00e1c830;確定
0x00e1c838;見る
0x00e1c840;貴重品
0x00e1c848;持ち物
0x00e1c850;一覧
0x00e1c858;外す
0x00e1c860;買う
0x00e1c868;確認
0x00e1c870;並べる
0x00e1c878;移す
0x00e1c880;京全図
0x00e1c888;完全武装
0x00e1c898;切り替え
0x00e1c8a8;並び替え
0x00e1c8b8;標準表示
0x00e1c8c8;降順表示
0x00e1c8d8;昇順表示
0x00e1c8e8;道具
0x00e1c8f0;逃がす
0x00e1c8f8;所持道具
0x00e1c908;整理
0x00e1c910;選択
0x00e1c918;詳細
0x00e1c920;能力確認
0x00e1c930;能力強化
0x00e1c940;アイテム
0x00e1c950;マップ選択
0x00e1c960;必要素材
0x00e1c970;全再生
0x00e1c978;回転
0x00e1c980;主人公
0x00e1c988;倉庫
0x00e1c994;自動整理
0x00e1c9a4;全選択
0x00e1c9ac;返信
0x00e1c9b4;施設詳細
0x00e1c9c4;目的地設定
0x00e1c9d4;ポーズメニュー
0x00e1c9e4;マップ
0x00e1cac8;装備なし
0x00e1cae8;%d％
0x00e1caf4;階
0x00e1cb00;アイテムを倉庫に送りました。
0x00e1cb20;一部のアイテムは個数が限界のため送れませんでした。
0x00e1cb58;武器の倉庫に空きがありません。整理をして下さい。
0x00e1cba0;。
0x00e1cba8;<Sign:6>や<Sign:4>で能力タブを切り替えられます
0x00e1cbd8;<Sign:6>と<Sign:4>でアイテムと武器を切り替えられます
0x00e1cc24;野
0x00e1cc28;町
0x00e1cc2c;街
0x00e1cc30;堀
0x00e1cc34;街
0x00e1cc3c;<Sign:0>次へ
0x00e1cc54;み
0x00e1cc64;必須
0x00e1cc6c;ケア
0x00e1cc74;ミッション
0x00e1ccc4;野盗
0x00e1cccc;無法者
0x00e1ccd4;ならず者
0x00e1cce4;黄金衆
0x00e1ccec;御陵衛士
0x00e1ccfc;新選組
0x00e1cd04;京都見廻組
0x00e1cd38;再開
0x00e1cd48;スキップ
0x00e1cd60;メニューへ
0x00e1cd78;最大連撃数
0x00e1cd88;数
0x00e1cd94;数
0x00e1cd9c;ジ
0x00e1cda4;ン
0x00e1cdb0;ヒートアクション
0x00e1cdc8;破
0x00e1cdd4;何も入っていなかった
0x00e1cdf4;持ち物を使用しますか？
0x00e1ce0c;持ち物を捨てますか？
0x00e1ce24;セーブしますか？
0x00e1ce3c;難易度を一時的に初級にしますか？
0x00e1ce64;本当に初級にしてもよろしいですか？
0x00e1ce8c;所持武器リストに空きがありません。[n]アイテムボックスに移動する武器を選択してください。
0x00e1cee4;アイテムリストに空きがありません。[n]アイテムボックスに移動するアイテムを選択してください。
0x00e1cf44;アイテムを選択していませんがよろしいですか？
0x00e1cf74;本当によろしいですか？
0x00e1cf8c;アイテム整理を完了しますか？
0x00e1cfac;目的地を設定しますか？
0x00e1cfc4;目的地を解除しますか？
0x00e1cfdc;タイトルへ戻りますか？
0x00e1cff4;中断しますか？
0x00e1d004;セーブしていないデータは消えてしまいますが、[n]本当によろしいですか？
0x00e1d04c;本当に中断してもよろしいですか？
0x00e1d074;この称号でよろしいですか？
0x00e1d094;注文依頼を中止します。よろしいですか？[n]（渡した品物は取り消されます）
0x00e1d0dc;将棋は一勝負５点です。[n]　支払いますか？
0x00e1d104;PlayStationVita側のセーブデータを[n]サーバー上にアップロードして、[n]上書き保存してもよろしいですか？
0x00e1d16c;PlayStationVita側のセーブデータを[n]サーバー上のセーブデータで[n]上書き保存してもよろしいですか？
0x00e1d1cc;PlayStation3側のセーブデータを[n]サーバー上にアップロードして、[n]上書き保存してもよろしいですか？
0x00e1d22c;PlayStation4側のセーブデータを[n]サーバー上にアップロードして、[n]上書き保存してもよろしいですか？
0x00e1d28c;サーバー側のセーブデータの方が主人公の[n]レベル（経験値）が高いですが、このまま本当に[n]アップロードして上書き保存してもよろしいですか？
0x00e1d314;サーバー側のセーブデータの方が[n]総プレイ時間が長いですが、このまま本当に[n]アップロードして上書き保存してもよろしいですか？
0x00e1d394;サーバー側のセーブデータの方が主人公の[n]レベル（経験値）が低いですが、このまま本当に[n]ダウンロードして上書き保存してもよろしいですか？
0x00e1d41c;サーバー側のセーブデータの方が[n]総プレイ時間が短いですが、このまま本当に[n]ダウンロードして上書き保存してもよろしいですか？
0x00e1d49c;連戦しますか？
0x00e1d4ac;薪割りを終了しますか？
0x00e1d4c4;かかし屋敷をやめますか？
0x00e1d4e4;体力は全回復されていますが、使用しますか？
0x00e1d514;ヒートは全回復されていますが、使用しますか？
0x00e1d544;体力とヒートは全回復されていますが、使用しますか？
0x00e1d57c;メインメニューへ戻りますか？
0x00e1d59c;屯所に戻りますか？
0x00e1d5b4;かかし屋敷メニューに戻りますか？
0x00e1d5dc;究極闘技メニューに戻りますか？
0x00e1d5fc;このニックネームでよろしいですか？
0x00e1d628;今は使う必要がありません。
0x00e1d648;ここでは使えません。
0x00e1d660;これは捨てられません。
0x00e1d678;装備中なので捨てられません。
0x00e1d698;この主人公では装備できません。
0x00e1d6b8;アイテムボックスの個数が限界です。
0x00e1d6e0;通常武器は空にして下さい。
0x00e1d700;装備スキルがありません。
0x00e1d720;は使用出来ません。
0x00e1d738;権利が無いため装備することが出来ません。
0x00e1d768;装備を変更できません。
0x00e1d780;これは移動できません。
0x00e1d798;アップロードが無事に完了しました。
0x00e1d7c0;ダウンロードが無事に完了しました。
0x00e1d7e8;ダウンロードできませんでした。[n]サーバーにセーブデータが[n]アップロードされていません。
0x00e1d840;アップロード中です。[n]電源を切らないようにしてください。[n]データが破損する可能性があります。
0x00e1d8a0;ダウンロード中です。[n]電源を切らないようにしてください。[n]データが破損する可能性があります。
0x00e1d900;通信が切断されたため[n]アップロードに失敗しました。
0x00e1d938;通信が切断されたため[n]ダウンロードに失敗しました。
0x00e1d970;ポイントが足りません。
0x00e1d988;前回、通信対戦の途中で切断されてしまったため[n]%sの番付得点から、%s点減点されました。[n]以下のような点に気をつけて、遊ぶようにして下さい。[n]・できるだけ通信状況のいい環境でプレイして下さい。[n]・充電池切れや誤操作による電源切れに注意して下さい。[n]・意図的に電源や通信を切らないようにして下さい。
0x00e1daa8;「PSN」からサインアウトしました。[n]　アップロードを使用できません。
0x00e1daf0;「PSN」からサインアウトしました。[n]　ダウンロードを使用できません。
0x00e1db38;サーバーデータを確認中です。[n]電源を切らないようにしてください。[n]データが破損する可能性があります。
0x00e1dba0;通信をキャンセルしました。
0x00e1dc28;報酬
0x00e1dc38;属性弾を装填
0x00e1dc48;解除
0x00e1dc5c;バトル中は難易度を変更することができません。
0x00e1dc94;前回、通信対戦の途中で切断されてしまったため[n]%sの番付得点から、%d点減点されました。[n]以下のような点に気をつけて、遊ぶようにして下さい。
0x00e1dd30;・できるだけ通信状況のいい環境でプレイして下さい。[n]・誤操作による電源切れや通信切断に注意して下さい。[n]・意図的に電源や通信を切らないようにして下さい。
0x00e1ddd0;おいちょかぶ
0x00e1ddf8;今隠れても見つかってしまう！
0x00e1de20;アナザーライフ
0x00e1de34;STARTボタン
0x00e1de50;ン
0x00e1de64;作付計画を立てる
0x00e1de7c;一括収穫する
0x00e1de8c;肥やしを撒く
0x00e1de9c;作付計画リセット
0x00e1dec8;作付計画をリセットしますか？
0x00e1def0;作付計画がリセットされますがよろしいですか？
0x00e1df28;し
0x00e1df2c;岡っ引きかかし
0x00e1df3c;町奉行かかし
0x00e1df4c;老中かかし
0x00e1df5c;将軍かかし
0x00e1df84;食害をちょっとだけ防ぐかかし。
0x00e1dfa4;少しだけ食害を防ぐかかし。
0x00e1dfc4;ある程度食害を防ぐかかし。
0x00e1dfe4;かなり食害を防いでくれる[n]かかし。
0x00e1e00c;完璧に食害を防ぐ最強かかし。
0x00e1e044;作付面積
0x00e1e054;栽培速度
0x00e1e064;豊作確率
0x00e1e084;作付
0x00e1e09c;置く
0x00e1e0ac;す
0x00e1e0b4;削除
0x00e1e0c4;戻す
0x00e1e0d4;取止め
0x00e1e0e4;必要区画
0x00e1e0f4;収穫期待数
0x00e1e114;普通
0x00e1e11c;速い
0x00e1e124;遅い
0x00e1e13c;害獣の被害にあった…
0x00e1e15c;収穫できる作物がありません。
0x00e1e184;%s %d%s収穫した！
0x00e1e1a4;%s %d%sか……[n]%d%s食われてしまったな……
0x00e1e1d4;%s %d%sか、まずまずだな……
0x00e1e1f4;%s %d%s！豊作だな。
0x00e1e20c;なんと%s %d%s！大豊作だな。
0x00e1e23c;%sを撒きますか？[n]（所持数%d%s）
0x00e1e25c;%sがありません。
0x00e1e274;撒いたばかりなので今は使えません。
0x00e1e2ac;気まぐれ作付
0x00e1e384;セーブ
0x00e1e38c;動
0x00e1e39c;ト
0x00e1e3a4;え
0x00e1e3a8;グ
0x00e1e3cc;。
0x00e1e3d8;。
0x00e1e3e8;。
0x00e1e3f0;。
0x00e1e3f8;。
0x00e1e458;合計
0x00e1e464;ババ
0x00e1e474;今日も遊んでくれて、どうもありがとうございます。[n]ご褒美の賭け点を手に入れましょう！
0x00e1e4cc;好きな札を選んで、めくっていってください。[n]ババをめくってしまうと、そこでゲーム終了です。
0x00e1e52c;「%s」の札だったので、%d点加算です。[n]次の札を選んでください。
0x00e1e56c;いきなりババをめくってしまいました！[n]残念ですが、1枚目でゲーム終了です。
0x00e1e5bc;残念でした。[n]ババをめくったので、ここでゲーム終了です。
0x00e1e5f4;おめでとうございます！[n]最後までババをめくらずに終わりました！
0x00e1e650;残念無念報酬
0x00e1e660;%d枚成功報酬
0x00e1e670;完璧達成報酬
0x00e1e690;%d枚目をめくれ！
0x00e1e6a8;%d枚目で失敗……
0x00e1e6c0;大成功！
0x00e1e6e8;書
0x00e1e6ec;金
0x00e1e70c;~)
0x00e1e718;る
0x00e1e720;る
0x00e1e728;む
0x00e1e738;う
0x00e1e748;プ
0x00e1e754;プ
0x00e1e764;？
0x00e1e7a0;法
0x00e1e7a8;？
0x00e1e7e8;ｵ
0x00e1e7f0;ｵ
0x00e1e7f8;ｵ
0x00e1e818;る
0x00e1e820;やめる
0x00e1e82c;る
0x00e1e834;配当
0x00e1e83c;獲得
0x00e1e858;す
0x00e1e85c;す
0x00e1e860;す
0x00e1e88c;ル
0x00e1e894;覧
0x00e1e8a4;ハ
0x00e1e8ac;ム
0x00e1e8b4;ル
0x00e1e8c8;テキサスホールデム
0x00e1e8e0;パイナップルホールデム
0x00e1e8f8;オマハホールデム
0x00e1e910;試遊練習
0x00e1e934;最初に２枚配られて[n]手札２枚と共有札５枚から[n]任意の５枚を使って、役を作り、勝負します。
0x00e1e98c;最初に３枚配られて、そこから不要な１枚を捨て[n]手札２枚と共有札５枚から[n]任意の５枚を使って、役を作り、勝負します。
0x00e1ea04;最初に４枚配られて、手札４札と共有札５枚から[n]任意の手札２枚と共有札３枚を使って[n]役を作り、勝負します。
0x00e1ea6c;各ポーカーゲームの遊び方を[n]実際のプレイも交えて、練習します。
0x00e1eac0;テキサス試遊練習
0x00e1ead8;パイナップル試遊練習
0x00e1eaf0;オマハ試遊練習
0x00e1eb10;テキサスホールデムの遊び方を[n]実際のプレイも交えて、練習します。
0x00e1eb50;パイナップルホールデムの遊び方を[n]実際のプレイも交えて、練習します。
0x00e1eb98;オマハホールデムの遊び方を[n]実際のプレイも交えて、練習します。
0x00e1ebe8;真剣勝負だ！
0x00e1ebf8;運がいいね
0x00e1ec08;早くしてよ
0x00e1ec18;ガッカリ…
0x00e1ec28;まさか…!?
0x00e1ec38;ダメだ、こりゃ！
0x00e1ec50;バラバラだよ…
0x00e1ec60;これじゃ勝てないか…
0x00e1ec78;これは勝ち確定かも…
0x00e1ec90;もっと上げるよ！
0x00e1eca8;付き合ってみるか…
0x00e1ecc0;降りようかな…
0x00e1ecd0;この勝負は降りる…
0x00e1ece8;あははははは！
0x00e1ecf8;メラメラ！（怒）
0x00e1ed10;しくしく…（涙）
0x00e1ed28;ドキドキ…
0x00e1ed38;わーい♪
0x00e1ed48;やられた！
0x00e1ed58;絶好調！
0x00e1ed68;失敗したなぁ…
0x00e1ed78;おつかれさま！
0x00e1ed88;楽しかった〜！
0x00e1ed98;くやしいなぁ…
0x00e1eda8;次こそは勝つ！
0x00e1ee40;あと
0x00e1ee4c;０
0x00e1ee54;１
0x00e1ee5c;２
0x00e1ee64;３
0x00e1ee6c;４
0x00e1ee74;５
0x00e1ee7c;６
0x00e1ee84;７
0x00e1ee8c;８
0x00e1ee94;９
0x00e1eec8;？
0x00e1eed8;未勝利
0x00e1eee8;勝利
0x00e1eef8;エレキナマズ
0x00e1ef08;サケ
0x00e1ef10;スッポン
0x00e1ef20;ウナギ
0x00e1ef28;アユ
0x00e1ef6c;マダイ
0x00e1ef74;クルマエビ
0x00e1ef84;い
0x00e1ef8c;トラフグ
0x00e1ef9c;シラス
0x00e1efec;初釣丸
0x00e1eff4;淡水丸
0x00e1effc;釣大河
0x00e1f004;海丸
0x00e1f00c;大海王
0x00e1f014;超釣神
0x00e1f038;宇治川
0x00e1f040;鴨川
0x00e1f048;漁礁の磯
0x00e1f058;東沖
0x00e1f074;撒き餌
0x00e1f080;投入
0x00e1f088;釣具
0x00e1f0a4;淡水魚食いつき
0x00e1f0b4;海水魚食いつき
0x00e1f0c4;飛距離
0x00e1f0cc;アタリの感度
0x00e1f0f0;海でも川でも使える、初心者用の釣具。[n]性能はあまりよくない。
0x00e1f130;川釣りに適した釣り道具。[n]川魚のアタリがとりやすく、反応も良い。
0x00e1f170;川釣りに最も適した釣り道具。[n]川魚の反応も優れ、アワセるのが簡単。[n]また遠くまで投げられる。
0x00e1f1d0;海釣りに適した釣り道具。[n]海魚のアタリがとりやすく、反応も良い。
0x00e1f210;海釣りに最も適した釣り道具。[n]海魚の反応も優れ、アワセるのが簡単。[n]また遠くまで投げられる。
0x00e1f270;海でも川でも使える最高性能の釣具。[n]魚のアタリの感度も最高。[n]飛距離も最も遠くまで投げられる。
0x00e1f2f4;竿を上げる
0x00e1f30c;アワセる
0x00e1f324;%d尺%d寸
0x00e1f33c;高級撒き餌
0x00e1f34c;特選撒き餌
0x00e1f35c;究極撒き餌
0x00e1f388;混戦の予感がします。
0x00e1f3a0;２強の戦いになりそうです。
0x00e1f3c0;さてどんな結末になるでしょうか？
0x00e1f3f8;短距離王者がいよいよ決まります。
0x00e1f428;さあ、ここに中距離最強が決まります。
0x00e1f458;長距離で最も強い鳥はどの鳥か？
0x00e1f480;この競争に勝った鳥は栄光の鶏冠を与えられます。
0x00e1f4b8;この競争に勝った鳥は鳳凰と呼ばれます。
0x00e1f4e8;日本一の栄冠はどの鳥に輝くのか？[n]鳥の中の鳥がいよいよ決定。
0x00e1f52c;急遽特別競走が開催されます。[n]選ばれた２羽による一騎打ち戦です。
0x00e1f570;短距離一般競争
0x00e1f580;中距離一般競争
0x00e1f590;長距離一般競争
0x00e1f5b0;短距離[n]一般競争
0x00e1f5c0;中距離[n]一般競争
0x00e1f5d0;長距離[n]一般競争
0x00e1f5ec;%s対%s
0x00e1f5fc;骸短距離王冠前哨戦
0x00e1f614;骸中距離王冠前哨戦
0x00e1f62c;骸長距離王冠前哨戦
0x00e1f644;銀鶏杯
0x00e1f64c;金鶏杯
0x00e1f654;鴨川記念
0x00e1f664;骸記念
0x00e1f66c;骸短距離王冠
0x00e1f67c;骸中距離王冠
0x00e1f68c;骸長距離王冠
0x00e1f69c;骸大鶏冠
0x00e1f6ac;鳳凰賞
0x00e1f6b4;日本優鶏
0x00e1f6c4;一騎打ち戦
0x00e1f710;骸短距離[n]王冠前哨戦
0x00e1f728;骸中距離[n]王冠前哨戦
0x00e1f740;骸長距離王[n]冠前哨戦
0x00e1f758;骸短距離[n]王冠
0x00e1f768;骸中距離[n]王冠
0x00e1f778;骸長距離[n]王冠
0x00e1f7c4;各羽、態勢整いました。
0x00e1f7dc;準備が整いました。
0x00e1f800;各羽きれいな出足！
0x00e1f818;出遅れた！%s
0x00e1f828;良い出足！%s
0x00e1f838;現在先頭は%s
0x00e1f848;先頭は横一線！
0x00e1f858;一気に出た！%s
0x00e1f884;%s一歩先行
0x00e1f894;%s後方から一気に来たー！
0x00e1f8b4;%s逃げてる！
0x00e1f8c4;各羽一斉に終点になだれ込んだー
0x00e1f8e4;これはかなり混戦だ！
0x00e1f914;大健闘！%s
0x00e1f924;期待通りです！%s
0x00e1f93c;これは予想外！%s
0x00e1f954;やはり強い！%s
0x00e1f964;１着%s[n]２着%s
0x00e1f98c;鳥券購入
0x00e1f99c;競争開始
0x00e1f9ac;競争予定を見る
0x00e1f9bc;競鶏をやめる
0x00e1f9e0;単勝購入
0x00e1f9f0;鳥連購入
0x00e1fa00;鳥単購入
0x00e1fa10;配当一覧から購入
0x00e1fa28;購入鳥券確認
0x00e1fa38;購入終了
0x00e1fa64;競争開始まで
0x00e1fa74;秒
0x00e1fa8c;一
0x00e1fa94;二
0x00e1fa9c;三
0x00e1faa4;四
0x00e1faac;五
0x00e1fb1c;木札で鳥券を購入します。
0x00e1fb3c;競争を開始します。
0x00e1fb54;今後開催される競争の予定を確認できます。
0x00e1fb84;競鶏を終了します。
0x00e1fb9c;１着の鶏を予想する鳥券を購入します。
0x00e1fbc4;着順に関係なく１着２着を予想する鳥券を購入します。
0x00e1fbfc;着順を予想する鳥券を購入します。[n]最大５着まで予想することができます。
0x00e1fc44;配当一覧から鳥券を購入します。
0x00e1fc64;購入済みの鳥券を確認できます。
0x00e1fc84;鳥券の購入を終了します。
0x00e1fca4;１着の鶏のみ予想します。[n]購入する鶏を選んで左右で賭け点を増減します。[n]「確定」で購入、<Sign:C>ボタンで取り消します。
0x00e1fd1c;着順に関係なく１着２着を予想します。[n]１羽目の鶏を<Sign:D>ボタンで選んでください。
0x00e1fd74;２羽目の鶏を選んで左右で賭け点を増減します。[n]「確定」で購入、<Sign:C>ボタンで取り消します。
0x00e1fdd4;着順を予想する鳥券を購入します。[n]１着予想の鶏を<Sign:D>ボタンで選んでください。
0x00e1fe24;２着予想の鶏を選んで左右で賭け点を増減します。[n]<Sign:D>ボタンで更に多くの順着を予想できます。[n]「確定」で購入、<Sign:C>ボタンで取り消します。
0x00e1feb4;３着予想の鶏を選んで左右で賭け点を増減します。[n]<Sign:D>ボタンで更に多くの順着を予想できます。[n]「確定」で購入、<Sign:C>ボタンで取り消します。
0x00e1ff44;４着予想の鶏を選んで左右で賭け点を増減します。[n]<Sign:D>ボタンで更に多くの順着を予想できます。[n]「確定」で購入、<Sign:C>ボタンで取り消します。
0x00e1ffd4;左右で賭け点を増減します。「確定」で購入、<Sign:C>ボタンで取り消します。
0x00e20024;購入したい配当を選んで<Sign:D>ボタンを押してください。[n]◎は購入済みです。<Sign:6>、<Sign:4>ボタンで表示を切り替えます。 
0x00e200a4;左右で賭け点を増減します。[n]<Sign:D>ボタンで購入、<Sign:C>ボタンで取り消します。
0x00e200f4;購入済みの鳥券です。
0x00e2010c;現在開催中、出走鳥決定の競争は、[n]<Sign:1>ボタンで詳細を見ることができます。
0x00e2015c;現在開催中の出走鳥です。
0x00e2017c;次回競走の出走鳥です
0x00e20194;次々回競走の出走鳥です。
0x00e201b4;急遽特別競走が開催されます。[n]選ばれた２羽による一騎討ち戦です。
0x00e2025c;詳細表示
0x00e20274;表示切替
0x00e2028c;視点切り替え
0x00e202a4;飜
0x00e202ac;符
0x00e202b8;ラ
0x00e202bc;棒
0x00e202d4;？
0x00e202ec;る
0x00e202f0;る
0x00e202fc;識
0x00e2030c;る
0x00e20318;弱卓で勝負
0x00e20328;中卓で勝負
0x00e20338;強卓で勝負
0x00e20348;慶応麻雀杯 昇龍戦に挑戦
0x00e20370;対戦相手を選んでください。[n]弱い対戦相手たちと勝負します。
0x00e203b0;対戦相手を選んでください。[n]普通の強さの対戦相手たちと勝負します。
0x00e203f8;対戦相手を選んでください。[n]強い対戦相手たちと勝負します。
0x00e20438;いろいろな対戦相手と勝負して[n]昇龍戦の頂点を目指してください。[n]参加料は５００点で１回払えば、次回からは無料です。
0x00e204b0;いろいろな対戦相手と勝負して[n]昇龍戦の頂点を目指してください。[n]５００点以上貯めてください。
0x00e20510;いろいろな対戦相手と勝負して[n]昇龍戦の頂点を目指してください。
0x00e20584;ラ
0x00e205a0;槓
0x00e205ac;和
0x00e205b0;打
0x00e205c4;局
0x00e205c8;局
0x00e205cc;局
0x00e205d0;局
0x00e205d4;局
0x00e205d8;局
0x00e205dc;局
0x00e205e0;局
0x00e205e4;局
0x00e205e8;局
0x00e205ec;局
0x00e205f0;局
0x00e205f4;局
0x00e205f8;局
0x00e205fc;局
0x00e20600;局
0x00e2060c;満
0x00e20614;満
0x00e20624;満
0x00e20658;東
0x00e2065c;南
0x00e20660;西
0x00e20664;北
0x00e20668;白
0x00e20670;發
0x00e20678;中
0x00e20688;口
0x00e206b4;頭
0x00e206c0;和
0x00e206c4;刻
0x00e206c8;刻
0x00e206cc;子
0x00e206d0;子
0x00e206e4;元
0x00e206e8;直
0x00e206f4;色
0x00e206f8;口
0x00e206fc;色
0x00e20700;色
0x00e20704;色
0x00e20714;刻
0x00e20718;騎
0x00e20720;子
0x00e20724;元
0x00e20728;喜
0x00e2072c;喜
0x00e20730;頭
0x00e20758;輪
0x00e20770;中
0x00e20778;か
0x00e20798;ぁ
0x00e207b4;？
0x00e207c0;で
0x00e207e0;！
0x00e207f0;？
0x00e20800;！
0x00e2080c;！
0x00e20818;…
0x00e2082c;…
0x00e20840;な
0x00e20864;や
0x00e20878;ぇ
0x00e2088c;よ
0x00e20894;ぇ
0x00e208a0;!?
0x00e208a8;!!
0x00e208c0;ー
0x00e208cc;わ
0x00e208d4;ろ
0x00e208dc;！
0x00e208f4;！
0x00e20900;わ
0x00e20908;で
0x00e20918;！
0x00e20924;〜
0x00e20938;〜
0x00e2095c;な
0x00e2099c;る
0x00e209b0;る
0x00e209b4;…
0x00e209c0;ぇ
0x00e209c4;裕
0x00e209d4;な
0x00e209dc;ろ
0x00e209e4;た
0x00e20a08;ぁ
0x00e20a10;？
0x00e20a18;ぁ
0x00e20a24;や
0x00e20a2c;…
0x00e20a38;…
0x00e20a44;ね
0x00e20a50;…
0x00e20a54;よ
0x00e20a74;わ
0x00e20a7c;〜
0x00e20a8c;！
0x00e20a90;？
0x00e20aa0;…
0x00e20aa4;で
0x00e20aa8;！
0x00e20abc;え
0x00e20ac8;…
0x00e20ae0;な
0x00e20aec;…
0x00e20af8;か
0x00e20b08;や
0x00e20b10;わ
0x00e20b18;！
0x00e20b1c;？
0x00e20b28;〜
0x00e20b30;？
0x00e20b48;ん
0x00e20b58;が
0x00e20b5c;ん
0x00e20b60;か
0x00e20b78;…
0x00e20b80;…
0x00e20ba4;で
0x00e20ba8;！
0x00e20bb4;…
0x00e20bc0;い
0x00e20bc4;な
0x00e20bcc;…
0x00e20bd4;る
0x00e20bec;い
0x00e20bf0;！
0x00e20c10;ぁ
0x00e20c14;ぁ
0x00e20c18;ょ
0x00e20c1c;！
0x00e20c20;わ
0x00e20c30;…
0x00e20c34;!?
0x00e20c3c;！
0x00e20c58;う
0x00e20c6c;!!
0x00e20c84;る
0x00e20c8c;？
0x00e20c94;負
0x00e20c98;る
0x00e20c9c;る
0x00e20cb8;な
0x00e20cbc;…
0x00e20cc0;…
0x00e20ccc;だ
0x00e20cd0;…
0x00e20cdc;か
0x00e20cec;？
0x00e20cf8;！
0x00e20d04;な
0x00e20d08;！
0x00e20d1c;ぁ
0x00e20d20;わ
0x00e20d24;に
0x00e20d2c;て
0x00e20d30;わ
0x00e20d34;ん
0x00e20d3c;や
0x00e20d40;わ
0x00e20d48;…
0x00e20d4c;！
0x00e20d58;わ
0x00e20d7c;！
0x00e20d8c;！
0x00e20da0;…
0x00e20da8;か
0x00e20dac;ぜ
0x00e20db8;…
0x00e20dc8;ぜ
0x00e20dcc;!!
0x00e20ddc;〜
0x00e20de8;て
0x00e20df8;…
0x00e20e08;ヘ
0x00e20e40;…
0x00e20e48;!!
0x00e20e58;ぞ
0x00e20e5c;よ
0x00e20e64;な
0x00e20e70;…
0x00e20e78;!!
0x00e20e7c;!!
0x00e20e84;…
0x00e20e94;で
0x00e20e98;…
0x00e20ea4;！
0x00e20eb0;よ
0x00e20ec0;で
0x00e20ec8;！
0x00e20ed0;な
0x00e20ed4;？
0x00e20ed8;!!
0x00e20ee8;な
0x00e20ef8;ら
0x00e20f00;な
0x00e20f04;だ
0x00e20f0c;ぇ
0x00e20f14;な
0x00e20f30;な
0x00e20f40;！
0x00e20f48;！
0x00e20f50;！
0x00e20f58;…
0x00e20f60;ん
0x00e20f6c;か
0x00e20f74;…
0x00e20f7c;…
0x00e20f84;で
0x00e20f88;わ
0x00e20f98;よ
0x00e20fa0;…
0x00e20fa8;う
0x00e20fb8;る
0x00e20fc4;る
0x00e20fd0;わ
0x00e20fd8;…
0x00e20fe8;ん
0x00e20ffc;…
0x00e21004;！
0x00e21008;〜
0x00e21014;〜
0x00e21020;！
0x00e21024;ん
0x00e21030;や
0x00e21034;で
0x00e2103c;で
0x00e21040;か
0x00e21044;ぁ
0x00e21054;で
0x00e21060;ん
0x00e21074;！
0x00e21098;で
0x00e210a0;！
0x00e210a4;わ
0x00e210c4;よ
0x00e210d0;か
0x00e210dc;だ
0x00e210f4;ぉ
0x00e210f8;…
0x00e21100;よ
0x00e21104;か
0x00e21108;ぇ
0x00e21110;！
0x00e21120;…
0x00e2112c;…
0x00e21134;…
0x00e2113c;？
0x00e21144;わ
0x00e21154;…
0x00e2115c;ー
0x00e21160;〜
0x00e21188;！
0x00e2118c;…
0x00e211c4;…
0x00e211cc;…
0x00e211d8;ぜ
0x00e211e4;？
0x00e211ec;…
0x00e21210;か
0x00e2121c;…
0x00e2122c;！
0x00e21230;！
0x00e21240;や
0x00e2124c;！
0x00e2125c;！
0x00e21264;…
0x00e21284;？
0x00e212dc;ー
0x00e212e8;鬼
0x00e2131c;郎
0x00e21338;三
0x00e21340;重
0x00e21348;一
0x00e2135c;雪
0x00e21370;春
0x00e21384;駿
0x00e213a0;八
0x00e213a8;徹
0x00e213b0;忠
0x00e213c0;慶
0x00e213cc;治
0x00e213d4;彦
0x00e213e0;蔵
0x00e213ec;吉
0x00e213f4;沖田総司
0x00e21404;永倉新八
0x00e21414;桂小五郎
0x00e21424;西郷吉之助
0x00e21438;これは来たかも！
0x00e21450;これはないよな…
0x00e21468;鳴くか…
0x00e21478;まだ揃わないなぁ
0x00e21490;リーチするかな…
0x00e214a8;ツモしたい…
0x00e214b8;ロンしちゃうよ！
0x00e21554;楽曲
0x00e21564;難易度
0x00e21574;最高点
0x00e21584;最多連続成功数
0x00e2159c;総合評価
0x00e215bc;入力
0x00e215cc;吹雪小唄
0x00e215dc;さむらい演舞
0x00e215ec;鼓動
0x00e21604;宴会などで庶民の間で古くから歌い踊られている小唄。[n]大人から子供まで気軽に楽しめる、舞踊の入口的存在の楽曲。
0x00e21674;京で流行中の「さむらい音頭」を演舞用に仕立て直した楽曲。[n]音頭の楽しさと舞踊の優雅さが同時に堪能できる。
0x00e216dc;戦う男の情熱や生命の輝きを表現した楽曲。[n]上品さの中にも、他の楽曲にはない「熱さ」が感じ取れる。
0x00e21748;初心者
0x00e21750;一般
0x00e21758;上級者
0x00e21774;入門
0x00e2177c;本格
0x00e21790;なし
0x00e217a4;論外
0x00e217ac;三流
0x00e217b4;二流
0x00e217bc;一流
0x00e217c4;舞踊神
0x00e21860;試練踏破１
0x00e21870;試練踏破２
0x00e21880;試練踏破３
0x00e21890;試練踏破４
0x00e218a0;試練踏破５
0x00e218b0;試練踏破６
0x00e218c0;試練踏破７
0x00e218d0;試練踏破８
0x00e218e0;試練踏破９
0x00e218f0;試練踏破１０
0x00e21900;試練踏破最終
0x00e21940;どの試練に挑戦するか選んでください。
0x00e21984;？
0x00e21990;？
0x00e21998;ｷ
0x00e2199c;い
0x00e219ac;す
0x00e219b0;す
0x00e219b4;す
0x00e219c4;！
0x00e219d0;ん
0x00e219dc;イ
0x00e219f0;！
0x00e21a00;！
0x00e21a08;ぉ
0x00e21a14;！
0x00e21a18;ー
0x00e21a1c;ー
0x00e21a34;ルール説明
0x00e21a58;待った
0x00e21a88;手
0x00e21a90;棋風
0x00e21a98;手加減
0x00e21aa0;[n]誰と対局しますか？
0x00e21ab8;[n]どの踏破を選びますか？
0x00e21ad0;[n]この相手でよろしいですか？
0x00e21b08;十兵衛
0x00e21b10;耕作
0x00e21b18;九太郎
0x00e21b20;与市
0x00e21b28;喜多八
0x00e21b30;正吉
0x00e21b38;伝七
0x00e21b40;才蔵
0x00e21b48;熊六
0x00e21b50;小源太
0x00e21b58;五衛門
0x00e21b60;佐助
0x00e21b68;光四郎
0x00e21b70;健心
0x00e21b78;三郎太
0x00e21b80;国松
0x00e21b88;弥二郎
0x00e21b90;鶴平
0x00e21b98;一之助
0x00e21ba0;亀吉
0x00e21ba8;格之進
0x00e21bb0;右門
0x00e21bb8;村正
0x00e21bc0;助三郎
0x00e21bc8;金剛
0x00e21bd0;左京
0x00e21bd8;虎鉄
0x00e21be0;鬼丸
0x00e21be8;黒雲斎
0x00e21bf0;鴉天狗
0x00e21bf8;御子神
0x00e21c80;気まぐれな初心者
0x00e21c98;積極的に攻めるが弱い
0x00e21cb0;守りを固めるが遅い
0x00e21cc8;強引な攻めをしてくる
0x00e21ce0;攻守の調和は良い
0x00e21cf8;囲いを作ることを優先する
0x00e21d18;中央突破を狙う
0x00e21d28;堅実な守りを見せる
0x00e21d40;臨機応変な指し筋
0x00e21d58;長期戦に持ち込もうとする
0x00e21d78;強さにムラが多い
0x00e21d90;冷静な攻撃を見せる
0x00e21da8;大駒で積極的に攻める
0x00e21dc0;飛車の使い方が特徴的
0x00e21dd8;攻守の調和の取れた指し手
0x00e21df8;反撃に長ける
0x00e21e08;鋭い飛車を操る
0x00e21e18;実力はあるが気まぐれ
0x00e21e30;慎重に守りを固める
0x00e21e48;からめ手に長ける
0x00e21e60;堅実に攻守をこなす
0x00e21e78;苛烈に攻め立ててくる
0x00e21e90;受けに定評がある
0x00e21ea8;戦略の幅が広い
0x00e21eb8;失策をしない攻めの名手
0x00e21ed0;鋭い速攻を仕掛ける
0x00e21ee8;多様な守りの型の使い手
0x00e21f00;中飛車好きの古豪
0x00e21f18;緻密な攻めを見せる
0x00e21f30;万能型の指し手
0x00e21f40;将棋に人生を捧げし者
0x00e21fd8;対戦ポイント
0x00e21fe8;待った残回数 ５０×%d
0x00e22000;超待った未使用
0x00e22020;順位戦
0x00e22028;試練踏破
0x00e22044;いろいろな対戦相手と勝負して[n]順位戦の頂点を目指してください。[n]一勝負５点で遊べます。
0x00e2209c;特殊な局面から開始される試練に挑戦し[n]相手の王将を取ってください。[n]一勝負５点で遊べます。
0x00e220fc;いろいろな対戦相手と勝負して[n]順位戦の頂点を目指してください。[n]あなたが新しい将棋王なので、賭け点不要で遊べます。
0x00e22174;特殊な局面から開始される試練に挑戦し[n]相手の王将を取ってください。[n]あなたが新しい将棋王なので、賭け点不要で遊べます。
0x00e221ec;賭け点が足りないので遊べません。[n]５点以上貯めてください。
0x00e22248;。
0x00e22250;す
0x00e22260;そう来たか！
0x00e22270;その手は予想通り！
0x00e22288;厳しいなぁ…
0x00e22298;手駒がほしい
0x00e222a8;そう指すのか!?
0x00e222b8;そこに打つのか!?
0x00e222d0;成ろうか成るまいか…
0x00e222e8;攻めるか守るか…
0x00e22384;十兵衛　　十級
0x00e22394;耕作　　　十級
0x00e223a4;九太郎　　九級
0x00e223b4;与市　　　九級
0x00e223c4;喜多八　　八級
0x00e223d4;正吉　　　八級
0x00e223e4;伝七　　　七級
0x00e223f4;才蔵　　　七級
0x00e22404;熊六　　　六級
0x00e22414;小源太　　六級
0x00e22424;五衛門　　五級
0x00e22434;佐助　　　五級
0x00e22444;光四郎　　四級
0x00e22454;健心　　　四級
0x00e22464;三郎太　　三級
0x00e22474;国松　　　三級
0x00e22484;弥二郎　　二級
0x00e22494;鶴平　　　二級
0x00e224a4;一之助　　一級
0x00e224b4;亀吉　　　一級
0x00e224c4;格之進　　初段
0x00e224d4;右門　　　二段
0x00e224e4;村正　　　三段
0x00e224f4;助三郎　　四段
0x00e22504;金剛　　　五段
0x00e22514;左京　　　六段
0x00e22524;虎鉄　　　七段
0x00e22534;鬼丸　　　八段
0x00e22544;黒雲斎　　九段
0x00e22554;鴉天狗　最上段
0x00e22564;御子神　将棋王
0x00e225fc;長治
0x00e22604;風来坊の政
0x00e22614;嵐山の金時
0x00e22624;胸熱な勘蔵
0x00e22634;富豪の銭八
0x00e22644;死に神の市
0x00e22654;根暗な尚助
0x00e22664;欲張り五郎
0x00e22674;強運の大吉
0x00e22684;金なし忠太
0x00e22694;謎の博徒　壱
0x00e226a4;謎の博徒　弐
0x00e226b4;謎の博徒　参
0x00e226c8;目
0x00e226cc;目
0x00e226d0;目
0x00e226dc;ン
0x00e226f0;丁
0x00e226f8;半
0x00e22700;想
0x00e22704;想
0x00e22708;け
0x00e22758;中
0x00e22768;表
0x00e22770;程々の佐吉
0x00e22780;ぶっ込み徹
0x00e22790;黙りの達三
0x00e227a0;暇潰し花道
0x00e227b0;稲光の八郎
0x00e227c0;悪運の大政
0x00e227d0;腑抜けの雄
0x00e227e0;直感牛之助
0x00e227f0;天才剣志郎
0x00e22800;遊び人の銀
0x00e22810;強欲な清次
0x00e22864;郎
0x00e2287c;酒
0x00e228a8;点
0x00e228cc;旬
0x00e228e4;！
0x00e228f0;。
0x00e228fc;。
0x00e2291c;。
0x00e22934;。
0x00e22948;始
0x00e22954;設定の変更
0x00e22978;認
0x00e22984;示
0x00e2299c;い
0x00e229bc;。
0x00e229c8;六
0x00e229d0;七
0x00e229d8;八
0x00e229e0;九
0x00e229e8;十
0x00e229fc;。
0x00e22a18;ド
0x00e22a30;の
0x00e22a38;。
0x00e22a44;他
0x00e22a4c;可
0x00e22a54;済
0x00e22a68;。
0x00e22a74;。
0x00e22a7c;する
0x00e22a88;しない
0x00e22a94;る
0x00e22a9c;最上級
0x00e22ab8;初級で遊ぶには、最低２００点必要です。[n]対戦相手との得点差×１０点がやり取りされます。
0x00e22b10;中級で遊ぶには、最低８００点必要です。[n]対戦相手との得点差×１０点がやり取りされます。
0x00e22b68;上級で遊ぶには、最低１４００点必要です。[n]対戦相手との得点差×１０点がやり取りされます。
0x00e22bc0;最上級で遊ぶには、最低２０００点必要です。[n]対戦相手との得点差×１００点がやり取りされます。
0x00e22c20;賭け点が足りないので遊べません。[n]２００点以上貯めてください。
0x00e22c60;賭け点が足りないので遊べません。[n]８００点以上貯めてください。
0x00e22ca0;賭け点が足りないので遊べません。[n]１４００点以上貯めてください。
0x00e22ce0;賭け点が足りないので遊べません。[n]２０００点以上貯めてください。
0x00e22d40;。
0x00e22d48;いい札が来ますように
0x00e22d60;いい札がないな…
0x00e22d78;いい役できたよ！
0x00e22d90;いい役ができない…
0x00e22da8;コイ！
0x00e22db0;ここから逆転だ！
0x00e22dc8;こいするか…
0x00e22dd8;やめるか…
0x00e22e74;もう１枚
0x00e22eb0;もう１枚！
0x00e22ec0;３枚で勝負！
0x00e22ed0;勝負だ！
0x00e22ef0;ゲームをはじめる
0x00e22f18;勝負する
0x00e22f34;もう一度勝負
0x00e22f50;初心太助
0x00e22f60;煩悩の凡太
0x00e22f70;新入り新伍
0x00e22f90;お気楽桂治
0x00e22fa0;強引な権三
0x00e22fb0;肩こり甚平
0x00e22fd0;嵐の又三郎
0x00e22fe0;霊感与作
0x00e22ff0;謎の株主
0x00e23010;プレイヤーが親です。
0x00e23028;賭ける場所を選択してください。
0x00e23048;賭け点を決定してください。
0x00e23068;他のプレイヤーが賭ける場所を選択しています。
0x00e23098;勝負する相手を選択してください。
0x00e230c0;この手で勝負します。
0x00e230d8;親が勝負しています。
0x00e230f0;持ち点がないので、終了します。
0x00e23110;所持賭け点がなくなった参加者が出ましたので今回の勝負はここで終了となります。
"0x00e23188;賭け点	%d点"
"0x00e23198;結果	%d点"
0x00e231b8;ドシッピン
0x00e231c8;シロクの逃げ
0x00e231d8;札の種類
0x00e231fc;用
0x00e23204;シロクの逃げで勝負を降ります。
0x00e2322c;賭け点の同額を獲得しました。
0x00e2324c;シッピンで勝ったので賭け点の２倍を獲得しました。
0x00e23284;クッピンで勝ったので賭け点の２倍を獲得しました。
0x00e232bc;アラシで勝ったので賭け点の３倍を獲得しました。
0x00e232ec;ドシッピンで勝ったので賭け点の２０倍を獲得しました。
0x00e2333c;賭け点を失いました。
0x00e23354;シッピンに負けたので賭け点の２倍を失いました。
0x00e23384;クッピンに負けたので賭け点の２倍を失いました。
0x00e233b4;アラシに負けたので賭け点の３倍を失いました。
0x00e233e4;ドシッピンに負けたので賭け点の２０倍を失いました。
0x00e23434;？
0x00e23444;。
0x00e23448;。
0x00e2344c;。
0x00e23458;？
0x00e23464;収支がプラスなので持ち点が増えました。
0x00e2348c;収支がマイナスなので持ち点が減りました。
0x00e234bc;収支が０なので増減はありません。
0x00e234f4;負
0x00e23508;初級で遊ぶには、最低１００点必要です。[n]一度に賭けられる賭け点の上限は１００点までです。
0x00e23560;中級で遊ぶには、最低５００点必要です。[n]一度に賭けられる賭け点の上限は５００点までです。
0x00e235b8;上級で遊ぶには、最低１０００点必要です。[n]一度に賭けられる賭け点の上限は１０００点までです。
0x00e23618;賭け点が足りないので遊べません。[n]１００点以上貯めてください。
0x00e23658;賭け点が足りないので遊べません。[n]５００点以上貯めてください。
0x00e23698;賭け点が足りないので遊べません。[n]１０００点以上貯めてください。
0x00e236f0;もう一枚引くかな…
0x00e23708;これで勝負か…
0x00e23718;ブタになりませんように
0x00e23730;オイチョか、カブで！
0x00e23748;シッピン狙うしかないな
0x00e23760;クッピン狙うしかないな
0x00e23778;アラシが来るのか!?
0x00e23814;応対客数
0x00e23824;最大連続数
0x00e23834;総売り上げ
0x00e23844;総評
0x00e23860;神
0x00e23868;優
0x00e23870;良
0x00e23878;可
0x00e23880;不可
0x00e238a4;グ
0x00e238b0;グ
0x00e238c0;手紙
0x00e238c8;精進目録
0x00e238d8;サブストーリー
0x00e238ec;図
0x00e238f4;用語説明
0x00e23904;備忘録
0x00e2390c;セーブ／設定
0x00e2391c;随伴隊士
0x00e2392c;農業詳細
0x00e2393c;料理詳細
0x00e23994;能力強化できます
0x00e239b4;所持数順
0x00e239d0;経験値が上がった
0x00e239e8;%sの経験値が上がった
0x00e23a30;徳を獲得した
0x00e23a48;所持品
0x00e23a50;農作物
0x00e23a58;魚類
0x00e23a60;装備素材
0x00e23a88;装備武器
0x00e23aa0;装備防具
0x00e23ab8;所持武器
0x00e23ac8;所持防具
0x00e23ae4;刀
0x00e23aec;特殊武器
0x00e23afc;銃
0x00e23b04;弾丸
0x00e23b0c;鉢巻
0x00e23b14;胸当て
0x00e23b1c;籠手
0x00e23b44;攻撃力
0x00e23b54;防御力
0x00e23b64;希少度
0x00e23b6c;格
0x00e23b80;で選択中の武具の強化素材を確認することができます。
0x00e23bcc;基本操作
0x00e23bdc;特殊技
0x00e23be4;格闘の型
0x00e23bf4;一刀の型
0x00e23c04;乱舞の型
0x00e23c14;短銃の型
0x00e23c5c;現在は習得できません。
0x00e23c7c;持ち物を使用出来ませんでした。
0x00e23c9c;装填出来ませんでした。
0x00e23cb4;持ち物を捨てる事が出来ませんでした。
0x00e23ce0;受信メール
0x00e23cf8;メール
0x00e23d08;飲食店
0x00e23d10;販売店
0x00e23d18;プレイスポット
0x00e23d28;シナリオ
0x00e23d38;修行
0x00e23d40;設定した目的地
0x00e23d54;うどん屋
0x00e23d64;蕎麦屋
0x00e23d6c;たこ焼き屋
0x00e23d7c;はなこ
0x00e23d84;居酒屋
0x00e23d8c;茶屋
0x00e23d94;魚屋
0x00e23d9c;釜飯屋
0x00e23da4;飯屋1
0x00e23dac;飯屋2
0x00e23db4;八百屋
0x00e23dbc;神社1
0x00e23dc4;神社2
0x00e23dcc;師匠2
0x00e23dd4;師匠1
0x00e23ddc;砲丸
0x00e23e28;ト
0x00e23e2c;屋
0x00e23e30;ー
0x00e23e34;師匠
0x00e23e44;ル
0x00e23e54;。
0x00e23e5c;。
0x00e23e74;マップがありません
0x00e23e94;。
0x00e23e9c;釣り竿
0x00e23ea4;養鶏所
0x00e23eac;猫の布団
0x00e23ebc;犬小屋レベル
0x00e23ecc;調理器具
0x00e23edc;内装
0x00e23f10;<Color:20>%03d/%03d<Color:Default>
0x00e23f40;－
0x00e23f48;日
0x00e23f50;型
0x00e23f58;の
0x00e23f60;の
0x00e23f70;額
0x00e23f80;勝
0x00e23fa8;済
0x00e23fac;済
0x00e23fb0;得
0x00e23fd4;ミニゲーム
0x00e23fe4;食事
0x00e23fec;武器・防具
0x00e23ffc;お尋ね者
0x00e2400c;バトルダンジョン
0x00e24024;場
0x00e24054;サブストーリーのコンプリートです。[n]
0x00e2407c;ミニゲームのコンプリートです。[n]各ミニゲームの達成状況を確認できます。
0x00e240c4;アナザーライフのコンプリートです。
0x00e240ec;食事のコンプリートです。[n]全ての飲食系店舗メニューを制覇すると達成です。
0x00e24134;ヒートアクションのコンプリートです。[n]全てのヒートアクションを発動させると達成です。 
0x00e2418c;武器・防具のコンプリートです。
0x00e241ac;師匠のコンプリートです。[n]各師匠のミッション・修行を全て完了すると達成です。
0x00e241fc;お尋ね者のコンプリートです。[n]
0x00e2421c;バトルダンジョンのコンプリートです。
0x00e24244;闘技場のコンプリートです。
0x00e242a0;済
0x00e242a8;印
0x00e242b8;Ｔｉｐｓ表示
0x00e242c8;おまかせ成長設定
0x00e242e0;視点操作（縦）
0x00e242f0;視点操作（横）
0x00e24300;主観モード視点操作（縦）
0x00e24320;主観モード視点操作（横）
0x00e24340;ミニマップ表示
0x00e24350;ミニマップ表示（上方向）
0x00e24370;字幕設定
0x00e24380;用語強調表示設定
0x00e24398;あらすじ設定
0x00e243a8;装備武器イベント内変更表示
0x00e243c8;あらすじのナレーションボイス
0x00e243e8;画面の明度調整
0x00e243f8;画面の階調調整
0x00e24408;２Ｄ表示位置調整
0x00e24420;フォント設定
0x00e24430;ライブ配信
0x00e24440;難易度設定
0x00e244a0;Ｔｉｐｓの表示量を選択できます。[n]「少なめ」だと必要最低限の情報以外は表示されなくなります。[n]龍が如くシリーズ初プレイの方には「多め」をお勧めします。
0x00e24538;フリーカメラの縦方向の操作設定です。[n]「順」で右スティックを倒した方向に動きます。[n]
0x00e24590;フリーカメラの横方向の操作設定です。[n]「順」で右スティックを倒した方向に動きます。[n]
0x00e245e8;主観モードの縦方向の操作設定です。[n]「順」で右スティックを倒した方向に動きます。[n]
0x00e24640;主観モードの横方向の操作設定です。[n]「順」で右スティックを倒した方向に動きます。[n]
0x00e24698;画面左下に表示されるミニマップのあり／なし設定です。
0x00e246d0;画面左下に表示されるミニマップの設定です。[n]「固定」で地図の上方向が固定、「正面」でカメラの向きに追従します。
0x00e24740;イベントシーンの字幕のあり／なし設定です。
0x00e24770;字引き対象の用語を強調表示するかどうかの設定です。
0x00e247a8;次の章へ行く前に前章のあらすじを[n]再生する／しない設定です。
0x00e247e8;主人公の装備武器が特殊な形状をしていた場合でも[n]イベントシーン内でそのまま表示するかの[n]する／しない設定です。
0x00e24858;あらすじのナレーションボイスを変更することができます。
0x00e24890;カーソルをスライドさせることで、[n]画面の明度を調整できます。
0x00e248d0;カーソルをスライドさせることで、[n]画面の階調を調整できます。
0x00e24910;ゲーム中に使用される書体を変更できます。[n]「自動」で映像出力方式に適したフォントが表示されます。[n]
0x00e24978;難易度を選択できます。
0x00e24994;インターフェース表示位置を決定してください
0x00e249cc;順
0x00e249d4;逆
0x00e249e8;固定
0x00e249f0;正面
0x00e24a04;あり
0x00e24a18;自動
0x00e24a20;明朝体
0x00e24a28;ゴシック体
0x00e24a50;少なめ
0x00e24a58;多め
0x00e24a70;本編の設定
0x00e24a80;松原忠治
0x00e24a90;井上源三郎
0x00e24aa0;原田左之助
0x00e24ab0;岡田以蔵
0x00e24ac0;中岡慎太郎
0x00e24ad0;お登勢
0x00e24ad8;佐々木只三郎
0x00e24ae8;幾松
0x00e24b2c;<Sign:D>入力を行うと、詳細説明が表示されます。
0x00e24b64;<Sign:C>入力を行うと、詳細説明表示を閉じます。[n]方向キーや左スティックの左右を入力することで、[n]説明表示内容の変更ができます。
0x00e24bec;再挑戦
0x00e24bf4;ロードして再挑戦
0x00e24c0c;直前のチェックポイントから再挑戦
0x00e24c34;ゲームを終了する
0x00e24c4c;メインメニューに戻る
0x00e24c64;究極闘技メニューに戻る
0x00e24c98;ル
0x00e24ca4;？
0x00e24cb4;術
0x00e24cb8;術
0x00e24cc4;術
0x00e24ccc;登録ネットショップ
0x00e24ce4;未開封の手紙
0x00e24cf4;%d/%d店
0x00e24cfc;%d通
0x00e24d18;部
0x00e24d1c;部
0x00e24d28;部
0x00e24d2c;部
0x00e24d30;部
0x00e24d34;部
0x00e24d3c;コンプリート達成率
0x00e24d60;街の噂
0x00e24d68;%d項目
0x00e24d84;体力
0x00e24d8c;闘気
0x00e24d94;格闘攻撃力
0x00e24da4;一刀攻撃力
0x00e24db4;短銃攻撃力
0x00e24dc4;乱舞攻撃力
0x00e24dd8;格闘の魂球
0x00e24de8;一刀の魂球
0x00e24df8;短銃の魂球
0x00e24e08;乱舞の魂球
0x00e24e18;修練の魂球
0x00e24e40;%sと入れ替えを行いますか？
0x00e24e68;あ
0x00e24e70;さ
0x00e24e78;た
0x00e24e80;ま
0x00e24e88;ら
0x00e24e90;わ
0x00e24ec4;達成項目数
0x00e24ed4;達成済み
0x00e24efc;人物解説
0x00e24f0c;用語解説
0x00e24f2c;野盗の洞窟
0x00e24f3c;義賊の廃鉱
0x00e24f4c;豊臣家残党
0x00e24f6c;農業
0x00e24f78;料理
0x00e24f80;行商
0x00e24f88;ペット
0x00e24f90;遥との交流
0x00e24fbc;累計取引金額
0x00e24fd4;プレイ時間
0x00e24fec;育成可能野菜数
0x00e24ffc;釣った魚の種類
0x00e2500c;料理できたレシピ数
0x00e25024;成約取引数
0x00e25048;ロード
0x00e25050;設定
0x00e25058;タイトルに戻る
0x00e2507c;初期設備
0x00e2508c;豪華
0x00e25094;超豪華
0x00e250b0;不便
0x00e250b8;料理好き
0x00e250c8;万能
0x00e250e4;伍長能力
0x00e250f4;隊士能力
0x00e25110;屯所に戻る
0x00e25128;必要素材情報
0x00e25138;必要数
0x00e25140;所持数
0x00e25148;鍛錬素材
0x00e25158;格上げ素材
0x00e25168;作成可能武具と素材
0x00e2519c;累計取引金額が１００両以上で達成です。
0x00e251cc;「%s」の封印が解かれました。
0x00e251f4;全てのペットを飼って、世話をしてやると達成です。
0x00e25234;全ての種類の魚を釣れば達成です。
0x00e25264;特殊
0x00e2526c;防具
0x00e2528c;<Sign:1>表示切替 <Sign:D>決定 <Sign:C>戻る
0x00e252c4;攻撃力 %d
0x00e252dc;防御力 %d
0x00e252f4;無料
0x00e25314;<Sign:C>視線リセット
0x00e2532c;<Sign:29>視線移動
0x00e25358;送り先も一杯です。捨ててもよろしいですか？
0x00e25390;%s を捨てました
0x00e253b4;（与えられそうなものを持っていないな……）
0x00e253ec;（何か精がつくものでもやろうか……）
0x00e2541c;本当に与えても良いですか？
0x00e25444;（食えそうなものを持っていないな……）
0x00e25474;（何を食おうか……）
0x00e25494;本当に食べても良いですか？
0x00e254bc;能力使用
0x00e254d4;部隊の編成を行います。
0x00e254ec;部隊を率いて出兵します。
0x00e2550c;お金で募兵します。
0x00e25524;所持品の変更をします。
0x00e2553c;遊び方の説明を見ることができます。
0x00e25564;バトルダンジョンを終了します。
0x00e255a0;入れ替え
0x00e255b0;強化合成
0x00e255c0;転生
0x00e255c8;部隊から外す
0x00e255d8;除籍
0x00e255fc;１０両
0x00e25604;５両
0x00e2560c;１両
0x00e25614;５０００文
0x00e25644;%s使って募兵します。
0x00e25664;これ以上隊士を保有できません。
0x00e2568c;部隊を選択してください。
0x00e256b4;隊士を選択してください。
0x00e256dc;入れ替えたい隊士を選択してください。
0x00e2570c;隊士を入れ替えます。
0x00e25724;隊士の強化を行います。
0x00e2573c;隊士の要望を聞いて、更なる進化をさせます。
0x00e2576c;部隊から外します。
0x00e25784;メニューを閉じます。
0x00e2579c;隊士を除籍します。
0x00e257d0;この隊士を三番隊に加えますか？
0x00e257f8;　　たび重なる任務失敗で、隊長への不満を募らせているようです。
0x00e25838;　　やや忠誠心に欠ける所があり、隊長の能力に不満を持っているようです。
0x00e25880;　　前向きに任務に取り組む忠誠心を持ち、頑張っているようです。
0x00e258c0;　　忠誠心に満ち、次の任務を楽しみにしているようです。
0x00e258f8;　　隊長への忠誠心に満ち溢れ、次の任務を心待ちにしているようです。
0x00e25964;出兵先を選択してください。
0x00e2598c;任務を選択してください。
0x00e259b4;一覧を見る
0x00e259cc;出兵先情報を見る
0x00e259ec;強化合成開始
0x00e25a04;強化合成を開始しますか？
0x00e25a2c;あと<Color:5>%d人<Color:Default>選択することができます。
0x00e25a74;隊士一覧
0x00e25a8c;詳細を見たい隊士を選択してください。
0x00e25abc;。
0x00e25ac8;これ以上隊士を保有できないため、[n]入隊希望者を受け付けませんでした
0x00e25b18;？？？
0x00e25b28;戦果報告を終了する
0x00e25b48;体力追加
0x00e25b60;忠誠心が%s増えました。　
0x00e25b80;忠誠心が%s減りました。　
0x00e25bac;経験値を%s取得しました。　
0x00e25bd4;体力が%sから%sに増加しました。　
0x00e25c04;充填速度が%sから%sに増加しました。　
0x00e25c34;能力練度が%s上がりました。　
0x00e25c5c;さらなる成長をするために、希少度が%s以上の%sを欲しがっています。　
0x00e25cac;さらなる成長をするために、%sを欲しがっています。　
0x00e25cec;この隊士は脱走中です。行方不明ですが、京のどこかに身を潜めているようです。
0x00e25d44;伍長がいないため出兵できません
0x00e25d64;この任務は攻撃隊士以外は出兵できません
0x00e25d8c;この任務は守備隊士以外は出兵できません
0x00e25db4;この任務は衛生隊士以外は出兵できません
0x00e25ddc;この任務は刀隊士以外は出兵できません
0x00e25e04;この任務は槍隊士以外は出兵できません
0x00e25e2c;この任務は銃隊士以外は出兵できません
0x00e25e74;？？？？？？
0x00e25e8c;隊士獲得状況
0x00e25ea8;隊士を同行させて任務を開始した場合、[n]画面右側に同行した隊士が表示されます。
0x00e25ef8;任務開始時に隊士たちの体力の合計値に応じて[n]斎藤隊長に体力が加算されます。
0x00e25f48;野盗は強者ぞろいです。[n]返り討ちにならないように、がんばりましょう。
0x00e25f90;隊士の能力は上図の充填ゲージが満タンになると[n]<Sign:7>+方向キーで使用できます。
0x00e25fe0;充填速度は、隊士の充填速度と[n]斎藤隊長の戦い方の結果で決まります。[n]隊士を成長させることはもちろん、[n]上手な戦い方をすることで隊士の士気が高まり[n]能力を使用するまでの時間を短縮できます。
0x00e26098;それでは早速[n]<Sign:7>+<Sign:43>で成田五郎の[n]隊士能力を使用してみましょう。
0x00e260e8;いま、成田五郎の能力が発動しました。[n]この能力は「体力を回復する」効果が[n]あるので、一定時間その恩恵を受けられます。
0x00e26160;この能力効果の残り時間は、画面右にある[n]隊士の充填ゲージで確認することができます。[n]充填されたゲージが無くなったら、効果終了です。
0x00e261e8;能力の発動を自動的に行うように隊士に指示する[n]事もできますが、どうしますか？[n][n] <Sign:D>隊士にまかせる    <Sign:C>自分で発動する
0x00e26268;この設定は、受付から変更できるので、[n]変えたくなったら受付に話しかけて下さい。
0x00e262b8;それでは、引き続き敵を倒しながら[n]先へ進みましょう。
0x00e262f0;扉の中には、開くための仕掛けがある扉があります。[n]先へ進むためには、その仕掛けを見つけて[n]扉を開けましょう。
0x00e26360;扉の先には、進むべき道や、[n]武器を鍛えるために必要な素材や高価な品物が[n]入った箱が置いてあることもあります。
0x00e263d0;手に入れた素材や品物は隊長の物になるので、[n]扉は積極的に開けていきましょう。
0x00e26420;これで基本的な教習は終了となります。[n]この洞窟の親玉を見つけ出して、殲滅して下さい。
0x00e264b4;教習�　随伴隊士
0x00e264cc;教習�　隊士の恩恵
0x00e264e4;教習�　敵は強者ぞろい
0x00e264fc;教習�　能力の使用
0x00e26514;教習�　能力の発動
0x00e2652c;教習�　能力の効果時間
0x00e26544;教習�　おまかせ能力発動
0x00e26564;教習�　討伐
0x00e26574;教習�　仕掛け
0x00e26584;教習　終了
0x00e2660c;防御
0x00e26614;衛生
0x00e2661c;応援
0x00e26624;支援
0x00e26644;度重なる任務失敗によって忠誠心がなくなり[n]脱走した隊士がいるようです
0x00e26690;武器を与えて転生させますが[n]よろしいですか？
0x00e266c4;おまかせ能力を有効にしますか？
0x00e266ec;部隊から外します。よろしいですか？
0x00e26714;除籍します。よろしいですか？
0x00e26740;頭巾の男
0x00e2676c;部隊一覧
0x00e26784;能力詳細
0x00e2679c;転生に必要な武器がありません
0x00e267c4;隊士名簿
0x00e267dc;隊士概要
0x00e267f4;槍
0x00e2680c;最初からゲームを始めます。<Color:5>『龍が如く 維新！ 無料アプリ for PlayStationVita』の[n]データを引き継ぐには「ダウンロード」したデータを「続きから」で選択してください。<Color:Default>
0x00e268cc;セーブした続きからゲームを始めます。
0x00e268f4;『龍が如く 維新！ 無料アプリ for PlayStationVita』[n]または PlayStation4版と進行状況を共有します。
0x00e2695c;麻雀、将棋、こいこい、おいちょかぶ、ポーカーの[n]５種類のミニゲームをネットワーク対戦で遊べます。
0x00e269bc;メインストーリーのシナリオに関係なく[n]自由に幕末の世界を探索できます。
0x00e26a04;闘いを極めし者だけが挑戦できるモードです。[n]全ての闘いを制覇すると、珍しい道具が手に入ります。
0x00e26a64;ネットワークに関する情報を確認できます。            
0x00e26a9c;一度観たイベントシーンを鑑賞できます。
0x00e26ac4;各種設定項目を変更できます。[n]
0x00e26b10;PlayStation3側のセーブデータを[n]ネットワーク上に保存します。
0x00e26b50;PlayStation4側のセーブデータを[n]ネットワーク上に保存します。
0x00e26b90;PlayStationVita側のセーブデータを[n]ネットワーク上に保存します。
0x00e26bd0;ネットワーク上に保存されたセーブデータを[n]ダウンロードして、進行状況を共有します。
0x00e26c4c;。
0x00e26c58;PlayStationPlusに加入していません。[n]メインメニュー画面へ戻ります。
0x00e26ca4;PlayStationPlusの認証中に[n]通信エラーが発生しました。[n]メインメニュー画面へ戻ります。
0x00e26d0c;クリアデータ使用で最初から
0x00e26d2c;クリアデータを使わず最初から
0x00e26d58;クリアデータの能力、アイテム、所持金を引き継いで                     [n]新たに最初からゲームを始めます。                     
0x00e26dd8;クリアデータは使わずに、完全な初期状態で[n]新たに最初からゲームを始めます。
0x00e26e38;達人級
0x00e26e54;アクションゲームが苦手な方や、[n]「龍が如く」シリーズ初心者の方におすすめです。
0x00e26ea4;標準的な難易度です。
0x00e26ebc;アクションに自信のある方におすすめです。
0x00e26eec;ゲームオーバー時に再挑戦できません。[n]このゲームを極めたい方のみ挑戦してください。[n]
0x00e26f58;アップロード
0x00e26f68;ダウンロード
0x00e26f90;クリアデータ使用で始める
0x00e26fb0;クリアデータを使わず始める
0x00e26fdc;クリアデータの全要素を引き継いだ状態で                     [n]シナリオに関係なく、自由に世界を探索できます。                     
0x00e2705c;完全な初期状態からゲームを始めます。                     [n]シナリオに関係なく、自由に世界を探索できます。                     
0x00e270ec;歴
0x00e270f0;ダウンロード履歴
0x00e27120;成果一覧
0x00e27140;完全達成
0x00e27158;体
0x00e27164;プレイ中の難易度
0x00e2717c;コンティニュー回数
0x00e27194;クリア時のレベル
0x00e271ac;精進目録達成数
0x00e271bc;獲得隊士カード数
0x00e271d4;コンプリートトータル
0x00e2720c;%sを手に入れた。
0x00e27224;%sを入手できるようになりました。
0x00e27260; クリア後モードとして、[n][n]幕末漫遊[n]究極闘技[n][n]がメニューに追加されました。
0x00e272b0;難易度設定に達人級が追加されました。
0x00e272e4;「クリアデータ使用で最初から」または、[n]「幕末漫遊」でゲームを開始すると[n]「占いの店　ナオミの館」で受け取ることができます。
0x00e27364;「クリアデータ使用で最初から」または、「幕末漫遊」でゲームを開始すると[n]寺田屋にいる宇都宮から「%s」を入手することができます。
0x00e273f0;%s　%sが選べるようになりました。
0x00e27420;最強
0x00e27428;最弱
0x00e2743c;ＮＥＴＷＯＲＫサービスについて
0x00e2745c;手動アップデート
0x00e27484;ー
0x00e2748c;ワイヤレスコントローラを２個接続してください
0x00e274c4;ネットワークを使用することで利用できるコンテンツについて確認できます。
0x00e2750c;追加されたコンテンツの情報を確認できます。
0x00e2753c;ネットワークに接続されている本体は自動アップデー[n]ト致しますが、途中切断された等、失敗した場合に、[n]こちらから手動でアップデートを行うことができます。
0x00e275f4;<Sign:D>同意する
0x00e2760c;<Sign:C>同意しない
0x00e27630;択
0x00e2763c;ド
0x00e2764c;。
0x00e27660;。
0x00e2769c;。
0x00e276c8;グ
0x00e276cc;グ
0x00e276d4;。
0x00e276dc;。
0x00e276e8;。
0x00e276f8;。
0x00e27700;る
0x00e27710;オンラインで遊ぶ
0x00e27728;１人で遊ぶ
0x00e27744;麻雀、こいこい、おいちょかぶ、ポーカー、将棋[n]５種類のミニゲームをオンライン対戦で遊びます。
0x00e277a4;麻雀、こいこい、おいちょかぶ、ポーカー、将棋[n]５種類のミニゲームを１人だけで遊びます。
0x00e2781c;麻雀牌を使い、順番に牌を引いていき[n]役作りの早さと役の強さで勝負します。
0x00e27864;将棋駒を使い、交互に手駒を動かして[n]どちらが先に相手の王将を取るかで勝負します。
0x00e278b4;花札を使い、絵合わせを行って役を作っていき[n]勝負します。
0x00e278ec;株札または花札を使い、手札が２〜３枚配られて[n]その合計数値の下一桁で勝負します。
0x00e2793c;異国の遊び札を使い、５枚の札の組み合わせを考えて[n]役の強さで勝負します。
0x00e27998;高賭け点
0x00e279a8;低賭け点
0x00e279c4;一勝負
0x00e279d4;賭け点２５０点を点棒２５０００点と交換して遊びます。
0x00e27a0c;賭け点２５点を点棒２５０００点と交換して遊びます。
0x00e27a44;賭け点が足りないので遊べません。[n]２５０点以上貯めてください。
0x00e27a84;賭け点が足りないので遊べません。[n]２５点以上貯めてください。
0x00e27ad4;一勝負５点で遊べます。
0x00e27af8;オンライン対戦のこいこいは３回勝負になります。[n]対戦相手との得点差×１００点がやり取りされます。[n]高賭け点で遊ぶには、最低２０００点必要です。
0x00e27b88;オンライン対戦のこいこいは３回勝負になります。[n]対戦相手との得点差×１０点がやり取りされます。[n]低賭け点で遊ぶには、最低２００点必要です。
0x00e27c2c;オンライン対戦のおいちょかぶは４回勝負になります。[n]一度に賭けられる賭け点の上限は１０００点までです。[n]高賭け点で遊ぶには、最低４０００点必要です。
0x00e27cc4;オンライン対戦のおいちょかぶは４回勝負になります。[n]一度に賭けられる賭け点の上限は１００点までです。[n]低賭け点で遊ぶには、最低４００点必要です。
0x00e27d54;賭け点が足りないので遊べません。[n]４０００点以上貯めてください。
0x00e27d94;賭け点が足りないので遊べません。[n]４００点以上貯めてください。
0x00e27de8;高賭け点で遊ぶには、最低４０００点必要です。[n]テキサスホールデムで遊び、最低ＢＥＴ数は[n]１〜２ラウンドが５０点、３〜４ラウンドが１００点です。
0x00e27e78;低賭け点で遊ぶには、最低４００点必要です。[n]テキサスホールデムで遊び、最低ＢＥＴ数は[n]１〜２ラウンドが５点、３〜４ラウンドが１０点です。
0x00e27f14;一度に賭けられる賭け点の上限は１０００点までです。[n]高賭け点で遊ぶには、最低１０００点必要です。
0x00e27f74;一度に賭けられる賭け点の上限は１００点までです。[n]低賭け点で遊ぶには、最低１００点必要です。
0x00e27fe4;高賭け点で遊ぶには、最低１０００点必要です。
0x00e28014;低賭け点で遊ぶには、最低１００点必要です。
0x00e280dc;所
0x00e280e4;ド
0x00e280f0;賭け点交換
0x00e28100;お金で購入
0x00e2811c;賭け点をお持ちでしたら、[n]いろいろな景品、またはお金と交換しまっせ。
0x00e28164;お金をお持ちでしたら、[n]いろいろな景品、または賭け点と交換しまっせ。
0x00e281b4;サーバーからセーブデータをダウンロードして、[n]PlayStation3、またはPlayStation4と[n]PlayStationVita間で、進行状況を共有します。[n]アップロードとダウンロードは同じオンラインIDで[n]「PSN」にサインインしてください。[n][n]<Color:5>サーバーからダウンロードしたセーブデータを保存すると[n]ストーリーの進行状況やクリア状況は、[n]ダウンロードしたセーブデータのものに上書きされます。[n][n]ゲームをクリアした後であっても、[n]サーバーからダウンロードしたセーブデータが[n]ゲームクリア前の状態の場合、ストーリー進行や[n]クリア状況などが過去に戻り、やり直しになるため[n]セーブデータの新旧には十分ご注意ください。
0x00e283fc;セーブデータをサーバーへアップロードして、[n]PlayStation3、またはPlayStation4と[n]PlayStationVita間で、進行状況を共有します。[n]アップロードとダウンロードは同じオンラインIDで[n]「PSN」にサインインしてください。
0x00e284d4;総プレイ時間
0x00e284e4;レベル
0x00e284ec;経験値
0x00e284f4;解決した任務数
0x00e28504;隊士カード数
0x00e28514;栽培した作物の種類
0x00e2852c;釣り上げた魚の種類
0x00e28544;完成済みの料理品数
0x00e2855c;納品済みの品物数
0x00e285d0;ペアレンタルロックが設定されているため[n]オンラインサービスを利用できません。
0x00e28624;アイテムなし
0x00e2863c;%2d位
0x00e28644;%4d点
0x00e28654;%8d個
0x00e2865c;%d両%04d文
0x00e2866c;%2d勝
0x00e28674;%2d連勝
0x00e2867c;%3.2f倍
0x00e2869c;%d連撃
0x00e286a4;%d人撃破
0x00e286b4;%3d回
0x00e286bc;%4d人
0x00e286c4;%3d戦%3d勝%3d敗
0x00e286d4;勝率%3d％
0x00e286e4;%4d文
0x00e286ec;×%d倍
0x00e286f4;%d万%04d個
0x00e28704;%d戦%3d勝%3d敗
0x00e28768;獲得闘玉
0x00e28778;獲得賞金
0x00e28794;%3d人中%3d人撃破
0x00e287b4;%2d戦%2d勝%2d敗
0x00e287c8;特別報酬
0x00e287d8;番付得点合計
0x00e287e8;踏破時間
0x00e287f8;残り体力
0x00e28808;撃破人数
0x00e28818;最終評価
0x00e28828;基本報酬
0x00e28838;連勝ボーナス
0x00e28870;辻斬り侍
0x00e28880;剣豪
0x00e288c0;詳細を見る
0x00e288d8;参加回数
0x00e288e8;順位点
0x00e288f0;斬った人数
0x00e28900;達成回数
0x00e28910;総合戦績
0x00e28920;頂点の座　死守回数
0x00e28938;武器王座決定戦優勝回数
0x00e28970;参加者
0x00e28980;一回戦
0x00e28988;二回戦
0x00e28990;三回戦
0x00e28998;四回戦
0x00e289a0;五回戦
0x00e289c0;京にいる強者達が集まり[n]「強者の宴」が解放されました
0x00e28a08;新入り配信者
0x00e28a18;駆け出し配信者
0x00e28a28;中堅配信者
0x00e28a38;人気配信者
0x00e28a48;豪傑の配信者
0x00e28a58;百戦錬磨の配信者
0x00e28a70;一騎当千の配信者
0x00e28a88;天下の配信者
0x00e28a98;究極の配信者
0x00e28aa8;伝説の配信者
0x00e28ae4;血に飢えた猛者たちが集まる闘技の場[n]戦いに飢えた者達はこちらへ！
0x00e28b24;闘玉を各種商品と交換することができます。
0x00e28b54;闘技場に出場している猛者たちの情報を見ることができます。
0x00e28b94;闘技場４つの掟です。
0x00e28bc0;五人との勝ち抜き戦を行います。[n]連勝するたびに獲得できる闘玉と賞金が増えます。
0x00e28c10;鍛えぬいた体とたった一つの武器を持って、迫りくる百人の刺客を撃退せよ！　[n]目指せ、百人斬りの称号！！
0x00e28c80;闘技場に訪れた者がまず初めに挑戦する闘い。[n]賞金　三百文　　闘玉　五十個
0x00e28cc8;洗礼を終えた者が己の技や武器を試す、試練の闘い。[n]賞金　三百文　　闘玉　五十個
0x00e28d18;独自の武器を持った者たちの闘い。　鬼の面を被った男に注意せよ。[n]賞金　千文　　闘玉　二百個
0x00e28d78;武器を持たない者たちが集まった闘い。　顔に痣がある男に注意せよ。[n]賞金　二千五百文　　闘玉　百個
0x00e28dd8;刀に狂った者たちの宴。　大太刀の一撃に注意せよ。[n]賞金　二千文　　闘玉　二百個
0x00e28e28;銃を極めた者たちが集う宴。　属性弾を撃つ者たちに注意せよ。[n]賞金　二千文　　闘玉　二百個
0x00e28e80;京にいる猛者たちが集まった、最強を決める闘い。[n]賞金　五千文　　闘玉　三百個　[n]※京にいる猛者たちと出会うと解放されます。
0x00e28f00;京にいる猛者たちが集まった、最強を決める闘い。[n]賞金　五千文　　闘玉　三百個
0x00e28f70;百人斬りに挑戦する武器を選択してください。
0x00e28fb8;経験値%s
0x00e28fd0;闘技場ポイント%s
0x00e28ff0;洗礼の間
0x00e29000;試練の間
0x00e29010;我流武器戦
0x00e29020;無手組戦
0x00e29030;狂剣の宴
0x00e29040;銃撃の宴
0x00e29050;強者の宴
0x00e29080;名前
0x00e29088;型
0x00e29094;素材
0x00e2909c;情報
0x00e290bc;試合を始めますか？
0x00e290d4;試合を開始する
0x00e290e4;次の試合へ
0x00e2a2cc;ｸｭ
0x00e2a2d8;ｸｭ
0x00e2a33c;笘
0x00e2a530;通常
0x00e2a538;農作
0x00e2a540;魚
0x00e2a54c;武器(剣)
0x00e2a55c;武器(特)
0x00e2a56c;武器(銃)
0x00e2a57c;武器(弾)
0x00e2a58c;防具(頭)
0x00e2a59c;防具(胴)
0x00e2a5ac;防具(腕)
0x00e2a5bc;重要
0x00e2a5f8;弾
0x00e2a5fc;特
0x00e2a600;銃
0x00e2a604;刀
0x00e2a608;んんんんんんんんを
0x00e2a620;んんんんんんんんん
0x00e2a638;手
0x00e2a640;胴
0x00e2a648;飾
0x00e2a6e4;腕
0x00e2a6e8;頭